EMP_NO,BIRTH_DATE,FIRST_NAME,LAST_NAME,GENDER,HIRE_DATE,CONTACT
10248,9/24/1955,Frederique,Tempesti,F,8/13/1991,+8801652325266
10249,6/10/1954,Marie,Boreale,M,12/8/1991,+8801652325266
10250,8/12/1958,Serap,Etalle,M,8/30/1992,+8801652325266
10001,9/2/1953,Georgi,Facello,M,6/26/1986,+8801652325266
10002,6/2/1964,Bezalel,Simmel,F,11/21/1985,+8801652325266
10003,12/3/1959,Parto,Bamford,M,8/28/1986,+8801652325266
10004,5/1/1954,Chirstian,Koblick,M,12/1/1986,+8801652325266
10005,1/21/1955,Kyoichi,Maliniak,M,9/12/1989,+8801652325266
10006,4/20/1953,Anneke,Preusig,F,6/2/1989,+8801652325266
10007,5/23/1957,Tzvetan,Zielinski,F,2/10/1989,+8801652325266
10008,2/19/1958,Saniya,Kalloufi,M,9/15/1994,+8801652325266
10009,4/19/1952,Sumant,Peac,F,2/18/1985,+8801652325266
10010,6/1/1963,Duangkaew,Piveteau,F,8/24/1989,+8801652325266
10011,11/7/1953,Mary,Sluis,F,1/22/1990,+8801652325266
10012,10/4/1960,Patricio,Bridgland,M,12/18/1992,+8801652325266
10013,6/7/1963,Eberhardt,Terkki,M,10/20/1985,+8801652325266
10014,2/12/1956,Berni,Genin,M,3/11/1987,+8801652325266
10015,8/19/1959,Guoxiang,Nooteboom,M,7/2/1987,+8801652325266
10016,5/2/1961,Kazuhito,Cappelletti,M,1/27/1995,+8801652325266
10017,7/6/1958,Cristinel,Bouloucos,F,8/3/1993,+8801652325266
10018,6/19/1954,Kazuhide,Peha,F,4/3/1987,+8801652325266
10019,1/23/1953,Lillian,Haddadi,M,4/30/1999,+8801652325266
10020,12/24/1952,Mayuko,Warwick,M,1/26/1991,+8801652325266
10021,2/20/1960,Ramzi,Erde,M,2/10/1988,+8801652325266
10022,7/8/1952,Shahaf,Famili,M,8/22/1995,+8801652325266
10023,9/29/1953,Bojan,Montemayor,F,12/17/1989,+8801652325266
10024,9/5/1958,Suzette,Pettey,F,5/19/1997,+8801652325266
10025,10/31/1958,Prasadram,Heyers,M,8/17/1987,+8801652325266
10026,4/3/1953,Yongqiao,Berztiss,M,3/20/1995,+8801652325266
10027,7/10/1962,Divier,Reistad,F,7/7/1989,+8801652325266
10028,11/26/1963,Domenick,Tempesti,M,10/22/1991,+8801652325266
10029,12/13/1956,Otmar,Herbst,M,11/20/1985,+8801652325266
10030,7/14/1958,Elvis,Demeyer,M,2/17/1994,+8801652325266
10031,1/27/1959,Karsten,Joslin,M,9/1/1991,+8801652325266
10032,8/9/1960,Jeong,Reistad,F,6/20/1990,+8801652325266
10033,11/14/1956,Arif,Merlo,M,3/18/1987,+8801652325266
10034,12/29/1962,Bader,Swan,M,9/21/1988,+8801652325266
10035,2/8/1953,Alain,Chappelet,M,9/5/1988,+8801652325266
10036,8/10/1959,Adamantios,Portugali,M,1/3/1992,+8801652325266
10037,7/22/1963,Pradeep,Makrucki,M,12/5/1990,+8801652325266
10038,7/20/1960,Huan,Lortz,M,9/20/1989,+8801652325266
10039,10/1/1959,Alejandro,Brender,M,1/19/1988,+8801652325266
10040,9/13/1959,Weiyi,Meriste,F,2/14/1993,+8801652325266
10041,8/27/1959,Uri,Lenart,F,11/12/1989,+8801652325266
10042,2/26/1956,Magy,Stamatiou,F,3/21/1993,+8801652325266
10043,9/19/1960,Yishay,Tzvieli,M,10/20/1990,+8801652325266
10044,9/21/1961,Mingsen,Casley,F,5/21/1994,+8801652325266
10045,8/14/1957,Moss,Shanbhogue,M,9/2/1989,+8801652325266
10046,7/23/1960,Lucien,Rosenbaum,M,6/20/1992,+8801652325266
10047,6/29/1952,Zvonko,Nyanchama,M,3/31/1989,+8801652325266
10048,7/11/1963,Florian,Syrotiuk,M,2/24/1985,+8801652325266
10049,4/24/1961,Basil,Tramer,F,5/4/1992,+8801652325266
10050,5/21/1958,Yinghua,Dredge,M,12/25/1990,+8801652325266
10051,7/28/1953,Hidefumi,Caine,M,10/15/1992,+8801652325266
10052,2/26/1961,Heping,Nitsch,M,5/21/1988,+8801652325266
10053,9/13/1954,Sanjiv,Zschoche,F,2/4/1986,+8801652325266
10054,4/4/1957,Mayumi,Schueller,M,3/13/1995,+8801652325266
10055,6/6/1956,Georgy,Dredge,M,4/27/1992,+8801652325266
10056,9/1/1961,Brendon,Bernini,F,2/1/1990,+8801652325266
10057,5/30/1954,Ebbe,Callaway,F,1/15/1992,+8801652325266
10058,10/1/1954,Berhard,McFarlin,M,4/13/1987,+8801652325266
10059,9/19/1953,Alejandro,McAlpine,F,6/26/1991,+8801652325266
10060,10/15/1961,Breannda,Billingsley,M,11/2/1987,+8801652325266
10061,10/19/1962,Tse,Herber,M,9/17/1985,+8801652325266
10062,11/2/1961,Anoosh,Peyn,M,8/30/1991,+8801652325266
10063,8/6/1952,Gino,Leonhardt,F,4/8/1989,+8801652325266
10064,4/7/1959,Udi,Jansch,M,11/20/1985,+8801652325266
10065,4/14/1963,Satosi,Awdeh,M,5/18/1988,+8801652325266
10066,11/13/1952,Kwee,Schusler,M,2/26/1986,+8801652325266
10067,1/7/1953,Claudi,Stavenow,M,3/4/1987,+8801652325266
10068,11/26/1962,Charlene,Brattka,M,8/7/1987,+8801652325266
10069,9/6/1960,Margareta,Bierman,F,11/5/1989,+8801652325266
10070,8/20/1955,Reuven,Garigliano,M,10/14/1985,+8801652325266
10071,1/21/1958,Hisao,Lipner,M,10/1/1987,+8801652325266
10072,5/15/1952,Hironoby,Sidou,F,7/21/1988,+8801652325266
10073,2/23/1954,Shir,McClurg,M,12/1/1991,+8801652325266
10074,8/28/1955,Mokhtar,Bernatsky,F,8/13/1990,+8801652325266
10075,3/9/1960,Gao,Dolinsky,F,3/19/1987,+8801652325266
10076,6/13/1952,Erez,Ritzmann,F,7/9/1985,+8801652325266
10077,4/18/1964,Mona,Azuma,M,3/2/1990,+8801652325266
10078,12/25/1959,Danel,Mondadori,F,5/26/1987,+8801652325266
10079,10/5/1961,Kshitij,Gils,F,3/27/1986,+8801652325266
10080,12/3/1957,Premal,Baek,M,11/19/1985,+8801652325266
10081,12/17/1960,Zhongwei,Rosen,M,10/30/1986,+8801652325266
10082,9/9/1963,Parviz,Lortz,M,1/3/1990,+8801652325266
10083,7/23/1959,Vishv,Zockler,M,3/31/1987,+8801652325266
10084,5/25/1960,Tuval,Kalloufi,M,12/15/1995,+8801652325266
10085,11/7/1962,Kenroku,Malabarba,M,4/9/1994,+8801652325266
10086,11/19/1962,Somnath,Foote,M,2/16/1990,+8801652325266
10087,7/23/1959,Xinglin,Eugenio,F,9/8/1986,+8801652325266
10088,2/25/1954,Jungsoon,Syrzycki,F,9/2/1988,+8801652325266
10089,3/21/1963,Sudharsan,Flasterstein,F,8/12/1986,+8801652325266
10090,5/30/1961,Kendra,Hofting,M,3/14/1986,+8801652325266
10091,10/4/1955,Amabile,Gomatam,M,11/18/1992,+8801652325266
10092,10/18/1964,Valdiodio,Niizuma,F,9/22/1989,+8801652325266
10093,6/11/1964,Sailaja,Desikan,M,11/5/1996,+8801652325266
10094,5/25/1957,Arumugam,Ossenbruggen,F,4/18/1987,+8801652325266
10095,1/3/1965,Hilari,Morton,M,7/15/1986,+8801652325266
10096,9/16/1954,Jayson,Mandell,M,1/14/1990,+8801652325266
10097,2/27/1952,Remzi,Waschkowski,M,9/15/1990,+8801652325266
10098,9/23/1961,Sreekrishna,Servieres,F,5/13/1985,+8801652325266
10099,5/25/1956,Valter,Sullins,F,10/18/1988,+8801652325266
10100,4/21/1953,Hironobu,Haraldson,F,9/21/1987,+8801652325266
10101,4/15/1952,Perla,Heyers,F,12/28/1992,+8801652325266
10102,11/4/1959,Paraskevi,Luby,F,1/26/1994,+8801652325266
10103,11/26/1953,Akemi,Birch,M,12/2/1986,+8801652325266
10104,11/19/1961,Xinyu,Warwick,M,4/16/1987,+8801652325266
10105,2/5/1962,Hironoby,Piveteau,M,3/23/1999,+8801652325266
10106,8/29/1952,Eben,Aingworth,M,12/19/1990,+8801652325266
10107,6/13/1956,Dung,Baca,F,3/22/1994,+8801652325266
10108,4/7/1952,Lunjin,Giveon,M,10/2/1986,+8801652325266
10109,11/25/1958,Mariusz,Prampolini,F,6/16/1993,+8801652325266
10110,3/7/1957,Xuejia,Ullian,F,8/22/1986,+8801652325266
10111,8/29/1963,Hugo,Rosis,F,6/19/1988,+8801652325266
10112,8/13/1963,Yuichiro,Swick,F,10/8/1985,+8801652325266
10113,11/13/1963,Jaewon,Syrzycki,M,12/24/1989,+8801652325266
10114,2/16/1957,Munir,Demeyer,F,7/17/1992,+8801652325266
10115,12/25/1964,Chikara,Rissland,M,1/23/1986,+8801652325266
10116,8/26/1955,Dayanand,Czap,F,5/28/1985,+8801652325266
10117,10/24/1961,Kiyotoshi,Blokdijk,F,5/28/1990,+8801652325266
10118,3/29/1957,Zhonghui,Zyda,F,9/13/1990,+8801652325266
10119,12/1/1960,Domenick,Peltason,M,3/14/1986,+8801652325266
10120,3/26/1960,Armond,Fairtlough,F,7/6/1996,+8801652325266
10121,7/14/1962,Guoxiang,Ramsay,M,5/3/1989,+8801652325266
10122,1/19/1965,Ohad,Esposito,M,12/23/1992,+8801652325266
10123,5/12/1962,Hinrich,Randi,M,1/15/1993,+8801652325266
10124,5/23/1962,Geraldo,Marwedel,M,9/5/1991,+8801652325266
10125,9/13/1957,Syozo,Hiltgen,F,10/26/1990,+8801652325266
10126,8/7/1954,Kayoko,Valtorta,M,9/8/1985,+8801652325266
10127,2/24/1952,Subir,Baja,F,1/14/1989,+8801652325266
10128,2/15/1958,Babette,Lamba,F,6/6/1988,+8801652325266
10129,12/2/1955,Armond,Peir,M,12/10/1985,+8801652325266
10130,4/27/1955,Nishit,Casperson,M,6/21/1988,+8801652325266
10131,2/19/1952,Magdalena,Eldridge,M,11/17/1994,+8801652325266
10132,12/15/1956,Ayakannu,Skrikant,M,10/30/1994,+8801652325266
10133,12/12/1963,Giri,Isaak,M,12/15/1985,+8801652325266
10134,4/15/1953,Diederik,Siprelle,M,12/12/1987,+8801652325266
10135,12/23/1956,Nathan,Monkewich,M,2/19/1988,+8801652325266
10136,9/14/1961,Zissis,Pintelas,M,2/11/1986,+8801652325266
10137,7/30/1959,Maren,Hutton,M,2/18/1985,+8801652325266
10138,4/24/1955,Perry,Shimshoni,M,9/18/1986,+8801652325266
10139,3/3/1963,Ewing,Foong,F,3/15/1998,+8801652325266
10140,3/11/1957,Yucel,Auria,F,3/14/1991,+8801652325266
10141,1/17/1960,Shahaf,Ishibashi,F,5/6/1993,+8801652325266
10142,8/29/1956,Tzvetan,Hettesheimer,M,10/28/1993,+8801652325266
10143,7/16/1961,Sakthirel,Bakhtari,M,9/30/1988,+8801652325266
10144,6/17/1959,Marla,Brendel,M,10/14/1985,+8801652325266
10145,3/30/1956,Akemi,Esposito,F,8/1/1987,+8801652325266
10146,1/12/1959,Chenyi,Syang,M,6/28/1988,+8801652325266
10147,10/13/1964,Kazuhito,Encarnacion,M,8/21/1986,+8801652325266
10148,10/4/1957,Douadi,Azumi,M,10/10/1995,+8801652325266
10149,5/20/1953,Xiadong,Perry,F,11/5/1986,+8801652325266
10150,1/29/1955,Zhenbing,Perng,F,11/16/1986,+8801652325266
10151,3/6/1959,Itzchak,Lichtner,M,4/10/1990,+8801652325266
10152,12/1/1954,Jaques,Munro,F,1/27/1986,+8801652325266
10153,12/15/1955,Heekeun,Majewski,M,4/8/1987,+8801652325266
10154,1/17/1957,Abdulah,Thibadeau,F,12/12/1990,+8801652325266
10155,12/7/1959,Adas,Nastansky,M,1/5/1990,+8801652325266
10156,9/19/1964,Sumali,Fargier,M,3/10/1985,+8801652325266
10157,4/23/1954,Nigel,Aloisi,M,11/2/1985,+8801652325266
10158,4/1/1958,Khedija,Mitsuhashi,M,1/29/1986,+8801652325266
10159,3/3/1955,Serif,Buescher,M,5/29/1991,+8801652325266
10160,10/18/1953,Debatosh,Khasidashvili,M,1/30/1989,+8801652325266
10161,4/6/1953,Hairong,Mellouli,F,4/3/1988,+8801652325266
10162,10/5/1957,Florina,Eugenio,M,5/1/1991,+8801652325266
10163,9/17/1952,Karsten,Szmurlo,M,7/19/1989,+8801652325266
10164,1/19/1956,Jagoda,Braunmuhl,M,11/12/1985,+8801652325266
10165,6/16/1960,Miyeon,Macedo,M,5/17/1988,+8801652325266
10166,5/10/1953,Samphel,Siegrist,F,1/1/1993,+8801652325266
10167,5/23/1958,Duangkaew,Rassart,M,4/4/1992,+8801652325266
10168,9/11/1964,Dharmaraja,Stassinopoulos,M,12/6/1986,+8801652325266
10169,5/3/1961,Sampalli,Snedden,F,7/24/1992,+8801652325266
10170,10/3/1960,Kasturi,Jenevein,F,1/2/1986,+8801652325266
10171,9/11/1957,Herbert,Trachtenberg,M,7/22/1989,+8801652325266
10172,3/25/1957,Shigeu,Matzen,F,10/13/1995,+8801652325266
10173,10/28/1962,Shrikanth,Mahmud,M,3/21/1992,+8801652325266
10174,5/15/1959,Badri,Furudate,M,6/1/1987,+8801652325266
10175,1/11/1960,Aleksandar,Ananiadou,F,1/11/1988,+8801652325266
10176,1/24/1957,Brendon,Lenart,F,12/22/1994,+8801652325266
10177,11/8/1954,Pragnesh,Iisaka,M,2/6/1993,+8801652325266
10178,3/13/1963,Valery,Litvinov,M,10/7/1986,+8801652325266
10179,11/25/1961,Deniz,Duclos,F,10/4/1990,+8801652325266
10180,1/29/1956,Shaw,Wendorf,M,2/25/1986,+8801652325266
10181,1/22/1963,Sibyl,Nooteboom,M,6/22/1988,+8801652325266
10182,2/4/1961,Moriyoshi,Merey,F,9/2/1990,+8801652325266
10183,10/17/1954,Mechthild,Bonifati,M,8/11/1996,+8801652325266
10184,5/22/1957,Mihalis,Lowrie,M,10/29/1987,+8801652325266
10185,12/5/1959,Duro,Sidhu,F,3/1/1986,+8801652325266
10186,7/16/1953,Shigehito,Kropatsch,M,3/28/1986,+8801652325266
10187,5/26/1961,Tommaso,Narwekar,F,6/1/1991,+8801652325266
10188,7/13/1956,Christ,Muchinsky,F,8/27/1987,+8801652325266
10189,11/12/1955,Khalid,Erva,M,10/5/1989,+8801652325266
10190,12/11/1964,Arve,Fairtlough,F,6/23/1986,+8801652325266
10191,4/8/1959,Zdislav,Nastansky,M,4/10/1986,+8801652325266
10192,9/16/1960,Mohua,Falck,M,6/13/1988,+8801652325266
10193,6/29/1960,Masaru,Cheshire,M,7/28/1991,+8801652325266
10194,1/29/1954,Josyula,Hofmeyr,F,5/15/1989,+8801652325266
10195,11/13/1963,Annemarie,Redmiles,M,2/15/1985,+8801652325266
10196,1/27/1954,Marc,Hellwagner,M,11/16/1994,+8801652325266
10197,8/6/1963,Kasidit,Krzyzanowski,F,11/22/1993,+8801652325266
10198,5/28/1953,Pranav,Furedi,M,8/31/1985,+8801652325266
10199,4/7/1959,Kazuhisa,Ranta,M,4/29/1997,+8801652325266
10200,12/31/1961,Vidya,Awdeh,M,10/16/1985,+8801652325266
10201,12/15/1956,Idoia,Kavraki,F,11/22/1986,+8801652325266
10202,1/5/1956,Greger,Lichtner,M,10/6/1991,+8801652325266
10203,7/27/1955,Steen,Escriba,M,4/6/1989,+8801652325266
10204,12/9/1956,Nevio,Ritcey,F,12/4/1986,+8801652325266
10205,5/20/1953,Mabhin,Leijenhorst,F,8/23/1993,+8801652325266
10206,9/19/1960,Alassane,Iwayama,F,4/19/1988,+8801652325266
10207,5/28/1955,Girolamo,Anandan,F,10/11/1992,+8801652325266
10208,1/2/1960,Xiping,Klerer,M,12/23/1991,+8801652325266
10209,12/12/1956,Yolla,Ellozy,F,11/23/1991,+8801652325266
10210,1/24/1958,Yuping,Alpin,M,5/10/1994,+8801652325266
10211,8/5/1964,Vishu,Strehl,F,11/18/1989,+8801652325266
10212,5/9/1959,Divier,Esteva,M,7/11/1990,+8801652325266
10213,5/24/1964,Jackson,Kakkad,M,11/6/1992,+8801652325266
10214,4/14/1962,Tadahiko,Ciolek,M,2/29/1988,+8801652325266
10215,4/2/1954,Xiaobin,Duclos,M,10/19/1987,+8801652325266
10216,7/16/1958,Amstein,Ghemri,M,10/30/1987,+8801652325266
10217,7/7/1954,Yongmin,Roison,F,5/12/1986,+8801652325266
10218,12/7/1958,Zhenhua,Magalhaes,M,1/15/1997,+8801652325266
10219,5/2/1952,Genta,Kolvik,M,3/31/1993,+8801652325266
10220,5/25/1958,Kish,Fasbender,F,6/25/1992,+8801652325266
10221,1/3/1957,Yucai,Granlund,M,6/8/1988,+8801652325266
10222,9/21/1962,Tze,Nourani,M,6/8/1986,+8801652325266
10223,9/17/1963,Carrsten,Schmiedel,F,11/18/1985,+8801652325266
10224,5/17/1954,Leon,Trogemann,M,1/9/1988,+8801652325266
10225,2/13/1957,Kellie,Chinen,F,6/19/1986,+8801652325266
10226,12/28/1964,Xinglin,Plessier,M,10/27/1989,+8801652325266
10227,7/4/1957,Anneli,Kaiser,M,4/24/1994,+8801652325266
10228,4/21/1953,Karoline,Cesareni,F,8/26/1991,+8801652325266
10229,2/10/1952,Ulises,Takanami,M,11/22/1987,+8801652325266
10230,9/11/1955,Clyde,Vernadat,M,6/16/1996,+8801652325266
10231,7/21/1963,Shaowen,Desikan,F,4/13/1996,+8801652325266
10232,3/11/1956,Marko,Auria,F,6/4/1992,+8801652325266
10233,4/1/1954,Lein,Vendrig,F,7/5/1985,+8801652325266
10234,1/18/1961,Arunachalam,Bakhtari,M,11/19/1990,+8801652325266
10235,3/27/1958,Susanta,Roccetti,F,4/6/1995,+8801652325266
10236,3/26/1960,Susumu,Bade,F,8/30/1996,+8801652325266
10237,9/22/1952,Yannis,Mandell,F,8/11/1989,+8801652325266
10238,11/2/1964,Mototsugu,Gire,F,11/19/1986,+8801652325266
10239,3/31/1955,Nikolaos,Llado,F,5/8/1995,+8801652325266
10240,4/1/1952,Remko,Maccarone,M,10/6/1998,+8801652325266
10241,7/1/1958,Ortrud,Murillo,M,6/12/1988,+8801652325266
10242,2/22/1964,Lunjin,Ozeri,M,1/18/1988,+8801652325266
10243,12/22/1960,Wonhee,Pouyioutas,M,11/24/1985,+8801652325266
10244,10/24/1961,Foong,Flasterstein,M,12/23/1985,+8801652325266
10245,8/23/1962,Ramalingam,Gente,F,4/26/1985,+8801652325266
10246,6/23/1962,Basem,Teitelbaum,M,7/12/1987,+8801652325266
10247,6/30/1964,Heon,Riefers,F,8/14/1992,+8801652325266
